label; url
loader; https://media.baumpub.com/files/slides/locale_image/full/0209/52191_en_cd892_54912_e02-liebherr-l580-xpower-wheel-loader-id-web.jpg
loader; https://cdn.pixabay.com/photo/2015/08/25/12/33/volvo-906771_960_720.jpg
loader; https://cdn.pixabay.com/photo/2017/08/04/15/46/wheel-loader-2580445_960_720.jpg
loader; https://cdn.pixabay.com/photo/2017/05/17/00/24/wheel-loader-2319481_960_720.jpg
loader; https://cdn.pixabay.com/photo/2017/01/21/19/30/wheel-loader-1998102_960_720.jpg
loader; https://www.ptsworks.com/wp-content/uploads/2022/02/wheel-loader-training-school.jpg
loader; https://www.ziprecruiter.com/svc/fotomat/public-ziprecruiter/cms/1173574280WheelLoaderOperator.jpg
loader; https://nystudio107.com/img/blog/_1200x675_crop_center-center_82_line/loader-at-work.jpg
loader; https://www.onlinesafetytrainer.com/wp-content/uploads/2023/08/Front-End-Loader-Safety-Brief-Safety-Guide-for-Front-End-Loaders.jpg
loader; https://img.freepik.com/premium-photo/powerful-wheel-loader-bulldozer-working-quarry-construction-site-loader-with-full-bucket-sand-powerful-modern-equipment-earthworks_331695-8085.jpg
loader; https://www.leavittmachinery.com/images/default-source/training/operator-training/operator-training-wheel-loader-safety.jpg
loader; https://truckinsurancehq.com.au/wp-content/uploads/2024/07/Front-End-Loader-Driver-Side-CAT-938H.jpg
loader; https://www.catrentalstore.com/en_US/blog/different-types-of-loaders/_jcr_content/root/responsivegrid_695813821/responsivegrid_969720642/columncontrol_30400566/column2/ttac.coreimg.png/1664222275145/download-%281%29.png
loader; https://media.istockphoto.com/id/489865514/photo/loader-excavator-at-work.jpg?s=612x612&w=0&k=20&c=X0boMNG38AR07nO9Aas_fvR5H7ev0n5A1GX7gBvSFE8=
loader; https://www.chinaelitemachinery.com/wp-content/uploads/2022/10/Liugong-5ton-loader.jpg
loader; https://sc04.alicdn.com/kf/H30149cdd15834f47807a96454d7624d1w.jpg
loader; https://www.thwhite.co.uk/wordpress/wp-content/uploads/2022/05/New-Holland-W170D-loader_2.jpg
loader; https://www.sdlgna.com/images/image-gallery/SDLG-Wheel-Loaders-in-Action/SDLG-LG959-Aggregates-Stone-Gravel-Quarry.jpg
loader; https://specteh45.ru/images/slider/2.jpg
loader; https://zabteplo.ru/manager/templates/shablon_zabteplo/images/Catalog/beg9-min.jpg
loader; https://power-at-work.com/wp-content/uploads/2023/09/versatility-of-loaders-a-detailed-insight.jpg
loader; https://www.hyundai-ce.eu/-/media/hyundai/images/hyundai-ce-eu/products/wheel-loaders/hl960a/hl960a-hyundai-wheel-loader-in-the-field.jpg
loader; https://i.ytimg.com/vi/NISe_3K-Pd0/hq720.jpg
loader; https://img.freepik.com/premium-photo/powerful-front-wheel-loader-bulldozer-working-quarry-construction-site-earthworks-construction-powerful-modern-equipment-earthworks_331695-8301.jpg
loader; https://img.rermag.com/files/base/ebm/rermag/image/2019/04/rermag_5030_sdlg_wheel_loader_1.png
excavator; https://img.freepik.com/premium-photo/excavator-working-field_1348720-3348.jpg
excavator; https://www.shutterstock.com/shutterstock/photos/1998031640/display_1500/stock-photo-backhoe-or-excavator-working-on-land-of-countryside-excavator-dig-soil-in-rice-field-site-industry-1998031640.jpg
excavator; https://in.hd-hyundaice.com/assets/blog-24-long-reach-excavators-0b63b0b2f49a035d0e3668fbb2db0a15a9d19a08bf405141b0cd8f55055b2f71.png
excavator; https://thumbs.dreamstime.com/z/excavator-working-rural-field-excavator-working-rural-field-196577614.jpg
excavator; https://www.shutterstock.com/image-photo/excavator-working-building-site-on-260nw-1262920966.jpg
excavator; https://cdn-canhf.nitrocdn.com/NvADpMovCBtqgnJwygpDBkMkzLiadpEx/assets/images/optimized/rev-725b9ea/rancourtlandclearing.com/wp-content/uploads/2021/02/rancourt-Land-clearing-excavators-1000.jpg
excavator; https://www.sanyaustralia.com.au/images/thumbnail/_MG_6879.112fa7.b5f7a2.jpg
excavator; https://mmi.co.zw/wp-content/uploads/2020/11/MMI_excavator.jpg
excavator; https://heavyequipmentcollege.edu/wp-content/uploads/2022/06/excavator-operator-tips-hec-of-amrica-1024x683.jpg
excavator; https://www.constructionweekonline.in/cloud/2021/11/24/Qz7maUW7-Komatsu-PC210-10M0-Hydraulic-Excavator-2.jpg
excavator; https://images.stockcake.com/public/3/c/b/3cb6c5c1-c0c7-4225-84e6-061bfca269b7_large/excavator-at-work-stockcake.jpg
excavator; https://i.ytimg.com/vi/e21PfH531ec/hq720.jpg
excavator; https://img.freepik.com/premium-photo/excavator-sandpit-earthmoving-works-construction-site_61243-739.jpg
excavator; https://i.ytimg.com/vi/I0pb2zSVW1Y/hq720.jpg
excavator; https://static.vecteezy.com/system/resources/thumbnails/031/377/022/original/a-yellow-excavator-works-in-the-mountains-construction-of-roads-free-video.jpg
excavator; https://5.imimg.com/data5/OD/SG/HE/SELLER-12862435/excavation-work-500x500.jpg
excavator; https://as2.ftcdn.net/v2/jpg/04/53/09/85/1000_F_453098558_Tai7X6Eb0oxEE6rds8PWkVphQRk4VRda.jpg
excavator; https://noelosheaplantsales.com/wp-content/uploads/2022/08/digger-for-contsruction-site-article.jpg
excavator; https://watermark.lovepik.com/photo/20211208/large/lovepik-construction-site-excavator-picture_501605081.jpg
excavator; https://png.pngtree.com/thumb_back/fw800/background/20240409/pngtree-crawler-excavator-after-works-at-the-construction-site-at-sea-beach-image_15651906.jpg
excavator; https://www.shantui-global.com/upload/images/2023/06/14/22433b55022a4572967ed553915e1d03.jpg
excavator; https://media.baumpub.com/files/slides/locale_image/full/0218/54498_en_f85d6_56905_doosan-dx800lc-excavator.jpg
excavator; https://static1.bigstockphoto.com/6/0/4/large1500/406558553.jpg
excavator; https://fivestarequipment.com/wp-content/uploads/2024/01/adobestock_159193220-scaled.jpeg
excavator; https://www.plantmachineryvehicles.com/cloud/2024/02/29/kOIF07Fl-DX300LC-7_Parra_pic2_red-1200x675.jpeg
excavator; https://in.hd-hyundaice.com/assets/blog-24-long-reach-excavators-0b63b0b2f49a035d0e3668fbb2db0a15a9d19a08bf405141b0cd8f55055b2f71.png
